id,x,y
0,408.96643867699714,192.37789965504427
1,427.4651251129146,246.64936685312014
2,396.1788504645027,409.26415400003884
3,348.6801628190833,426.65180685175545
4,311.2812110746748,415.33584859571533
5,318.92752898171415,410.30777645018935
